"Howard Rogers Room","Canterbury","Ingram Building","School of Biosciences","Seminar Room","20","","Yes","Enter the Stacey (Biosciences) building and take the stairs to the second floor. Turn right and over the bridge, then through the fire doors on the left. The room is the first on the left.","photos/HRR.JPG"
"Ingram room 316","Canterbury","Ingram Building","Canterbury Campus Administration","Classroom","14","Overhead projector, DVD player, Data projector, VGA connection, Computer, Lecture Capture","Yes","Entering the Ingram building by the main doors take the lift or stairs on the right of the lobby to the third floor. The room is down the corridor on the right.","photos/I316.JPG"
"Ingram Lecture Theatre","Canterbury","Ingram Building","Canterbury Campus Administration","Lecture Theatre","72","DVD player, Data projector, VGA connection, Audio loop, Computer, Active Panel, Digital OHP, Lecture Capture, HDMI Connection","Yes","Entering the Ingram building the room is directly off the foyer on the right.","photos/ILT.JPG"
"Ingram Scene of Crime Room","Canterbury","Ingram Building","School of Physical Sciences","Laboratory","","","No","ING_G22A","photos/ING.JPG"
"Physical Sciences room G52","Canterbury","Ingram Building","School of Physical Sciences","Seminar Room","18","","No","Enter Ingram by the doors opposite the entrance to Stacey. Turn left, the room is imediately on your left.","photos/PS_G52.JPG"
"Physical Sciences Teaching Lab 1","Canterbury","Ingram Building","School of Physical Sciences","Laboratory","72","","No","Enter the Ingram building by the main doors. Take the corridor to the left. The room is the first on the left.","photos/PS_LAB_1.JPG"
"Physical Sciences Teaching Lab 2","Canterbury","Ingram Building","School of Physical Sciences","Laboratory","18","","No","Enter the Ingram building by the main doors. Take the corridor to the left. The room is accessed through Lab 1, which is the first on the left.","photos/PS_LAB_2.JPG"
"Physical Sciences Teaching Lab 3","Canterbury","Ingram Building","School of Physical Sciences","Laboratory","60","","No","Enter the Ingram building by the main doors. Take the corridor to the left. The room is at the far end of the corridor.","photos/PS_LAB_3.JPG"
"Physical Sciences Teaching Lab 4","Canterbury","Ingram Building","School of Physical Sciences","Laboratory","35","","No","Enter the Ingram building by the main doors. Take the corridor opposite the doors. The room is the first on the left.","photos/PS_LAB_4.JPG"
"Physical Sciences Project room","Canterbury","Ingram Building","School of Physical Sciences","Laboratory","20","","No","PSPROJ","photos/ING.JPG"
"Physical Sciences Research Labs","Canterbury","Ingram Building","School of Physical Sciences","Laboratory","100","","No","Location details provided by academic school.","photos/RESEARCH_L.JPG"
"Physical Sciences room 110","Canterbury","Ingram Building","School of Physical Sciences","Seminar Room","60","","Yes","Entering the Ingram building by the main doors take the lift or stairs on the right of the lobby to the first floor. The room is down the corridor on the right.","photos/PS110.JPG"
"Library group study room 1","Canterbury","Templeman Library","Information Services","Group room","4","Data projector, Computer","Yes","Enter the Templeman library through the East Entrance. The room is straight ahead.","photos/LIB.JPG"
"Library group study room 2","Canterbury","Templeman Library","Information Services","Group room","6","Data projector, Computer","Yes","Enter the Templeman library through the East Entrance. Go past the help point, turn right, and go into the social study zone in the corner on your left. The door to the room is on your left.","photos/LIB.JPG"
"Library Training Room A-1-08","Canterbury","Templeman Library","Information Services","Private","15","Data projector, Computer, Flip chart","No","Enter the Templeman Library through the West Entrance. Access by stairs: Go up the stairs in front of you to floor 1, the room is in front of you. Access by lift: Go straight ahead down the slope, at the bottom turn left. Go through the double doors, along the corridor and through the double doors at the end to the lift. Go up to floor 1. Leave the lift, turn right and go through the double doors into the gallery. Go straight ahead and the training room is the last room on your left.","photos/LIB.JPG"
"Templeman Lecture Theatre","Canterbury","Templeman Library","Canterbury Campus Administration","Lecture Theatre","250","Microphone, Data projector, VGA connection, Audio loop, Computer, Blu Ray, Digital OHP, Lecture Capture, Surround Sound, HDMI Connection, Hearing Loop","Yes","Enter the Templeman Library through the West Entrance. Go straight ahead down the slope. The door to the front of the lecture theatre is on your left. Alternatively, go past the Welcome Desk and the door to the back of the lecture theatre is on your right.","photos/TLT.JPG"
"Library training room 201","Canterbury","Templeman Library","Information Services","Seminar Room","20","Data projector, Computer","Yes","Enter the Templeman library and take the stairs or lift on the right hand side of the lobby to level two. Turn left into the East wing, and left again. The room is against the far wall.","photos/TR201.JPG"
"Library training room 301","Canterbury","Templeman Library","Information Services","Seminar Room","13","","Yes","Enter the Templeman library and take the stairs or lift on the right hand side of the lobby to level two. Turn left into the East wing. The room is in the far right corner.","photos/TR301.JPG"
"Library training room 302","Canterbury","Templeman Library","Information Services","Seminar Room","20","Data projector, Computer","Yes","Enter the Templeman library and take the stairs or lift on the right hand side of the lobby to level three. Turn left into the East wing. The room is in the far right corner.","photos/TR302.JPG"
"Templeman Seminar Room 1","Canterbury","Templeman Library","Canterbury Campus Administration","Seminar Room","22","Microphone, DVD player, Data projector, VGA connection, Computer, HDMI Connection","Yes","Enter the Templeman Library through the front Terrace entrance. The seminar rooms  are to your left on the ground floor.","photos/LIB.JPG"
"Templeman Seminar Room 2","Canterbury","Templeman Library","Canterbury Campus Administration","Seminar Room","22","Microphone, DVD player, Data projector, VGA connection, Computer, HDMI Connection","Yes","Enter the Templeman Library through the front Terrace entrance. The seminar rooms  are to your left on the ground floor.","photos/LIB.JPG"
"Templeman Seminar Room 3","Canterbury","Templeman Library","Canterbury Campus Administration","Seminar Room","22","Microphone, DVD player, Data projector, VGA connection, Computer, HDMI Connection","Yes","Enter the Templeman Library through the front Terrace entrance. The seminar rooms  are to your left on the ground floor.","photos/LIB.JPG"
"Templeman Seminar Room 4","Canterbury","Templeman Library","Canterbury Campus Administration","Seminar Room","22","Microphone, DVD player, Data projector, VGA connection, Computer, HDMI Connection","Yes","Enter the Templeman Library through the front Terrace entrance. The seminar rooms  are to your left on the ground floor.","photos/LIB.JPG"
"Templeman Digital Classroom 5","Canterbury","Templeman Library","Canterbury Campus Administration","Seminar Room","24","Microphone, DVD player, Data projector, VGA connection, Computer, HDMI Connection","Yes","Enter the Templeman Library through the front Terrace entrance. The seminar rooms  are to your left on the ground floor.","photos/LIB.JPG"
"Templeman Digital Classroom 6","Canterbury","Templeman Library","Canterbury Campus Administration","Seminar Room","24","Microphone, DVD player, Data projector, VGA connection, Computer, HDMI Connection","Yes","Enter the Templeman Library through the front Terrace entrance. The seminar rooms  are to your left on the ground floor.","photos/LIB.JPG"
"Templeman Seminar Room 7","Canterbury","Templeman Library","Canterbury Campus Administration","Seminar Room","22","Microphone, DVD player, Data projector, VGA connection, Computer, HDMI Connection","Yes","Enter the Templeman Library through the front Terrace entrance. The seminar rooms  are to your left on the ground floor.","photos/LIB.JPG"
"Templeman Seminar Room 8","Canterbury","Templeman Library","Canterbury Campus Administration","Seminar Room","22","Microphone, DVD player, Data projector, VGA connection, Computer, HDMI Connection","Yes","Enter the Templeman Library through the front Terrace entrance. The seminar rooms  are to your left on the ground floor.","photos/LIB.JPG"
"Library Viewing Room","Canterbury","Templeman Library","Information Services","Private","10","DVD player, Data projector, Computer","Yes","Enter the Templeman Library through the East Entrance. Go past the Help Point, turn right, and go into the Social study zone in the corner on your left. The door to the room is on your left.","photos/LIB.JPG"
"Colyer-Fergusson seminar room","Canterbury","Colyer-Fergusson Music Building","Canterbury Campus Administration","Seminar Room","24","Overhead projector, DVD player, Data projector, VGA connection, Computer, Infra red hearing system, Lecture Capture, Hearing Loop","Yes","Entering the Gulbenkian by the main doors take the stairs to the first floor. Turn left. The room is along the corridor on the right, after the second set of doors.","photos/CFSR.JPG"
"Archaeology Project Room","Canterbury","Cornwallis North West","School of European Culture and Languages","Seminar Room","9","","No","On entering Cornwallis North West turn right, the room down the corridor on the left.","photos/CNWG34.JPG"
"Cornwallis North West seminar room 1","Canterbury","Cornwallis North West","Canterbury Campus Administration","Seminar Room","18","Overhead projector, Data projector, VGA connection, Computer, Blu Ray, Lecture Capture, HDMI Connection","Yes","Turn right on entering building from the doors facing Colyer-Fergusson. The room is at the end of the corridor on the left.","photos/CNWSR1.JPG"
"Cornwallis North West seminar room 10","Canterbury","Cornwallis North West","Canterbury Campus Administration","Seminar Room","18","Overhead projector, Data projector, VGA connection, Computer, Blu Ray, Lecture Capture, HDMI Connection","No","On entering Cornwallis North West go up the stairs to the first floor and turn right. Turn left and up the stairs to the second floor. Take the door on the right at the top of the stairs, the room is at the end of the corridor.","photos/CNWSR10.JPG"
"Cornwallis North West seminar room 11","Canterbury","Cornwallis North West","Canterbury Campus Administration","Seminar Room","16","Overhead projector, Data projector, VGA connection, Computer, Blu Ray, Lecture Capture, HDMI Connection","No","On entering Cornwallis North West go up the stairs to the first floor and turn right. Turn left and up the stairs to the second floor. Take the door on the left at the top of the stairs, the room directly ahead.","photos/CNWSR11.JPG"
"Cornwallis North West seminar room 12","Canterbury","Cornwallis North West","Canterbury Campus Administration","Seminar Room","18","Overhead projector, Data projector, VGA connection, Computer, Blu Ray, Lecture Capture, HDMI Connection","No","On entering Cornwallis North West go up the stairs to the first floor and turn right. Turn left and up the stairs to the second floor. Take the door on the left at the top of the stairs, the room is at the end of the corridor.","photos/CNWSR12.JPG"
"Cornwallis North West seminar room 2","Canterbury","Cornwallis North West","Canterbury Campus Administration","Seminar Room","24","Overhead projector, DVD player, Data projector, VGA connection, Computer, Lecture Capture, HDMI Connection","Yes","On entering Cornwallis North West turn left into the lobby, the room is the first on your left.","photos/CNWSR2.JPG"
"Cornwallis North West seminar room 3","Canterbury","Cornwallis North West","Canterbury Campus Administration","Seminar Room","16","Overhead projector, DVD player, Data projector, VGA connection, Computer, Lecture Capture, HDMI Connection","Yes","On entering Cornwallis North West turn left into the lobby, the room is the first down the left hand corridor.","photos/CNWSR3.JPG"
"Cornwallis North West seminar room 4","Canterbury","Cornwallis North West","Canterbury Campus Administration","Seminar Room","16","Overhead projector, DVD player, Data projector, VGA connection, Computer, Lecture Capture, HDMI Connection","Yes","On entering Cornwallis North West turn left into the lobby, the room is at the end of the left hand corridor on the left.","photos/CNWSR4.JPG"
"Cornwallis North West seminar room 5","Canterbury","Cornwallis North West","Canterbury Campus Administration","Classroom","30","Overhead projector, DVD player, Data projector, VGA connection, Computer, Lecture Capture, HDMI Connection","Yes","On entering Cornwallis North West turn left into the lobby, the room is the first down the courtyard corridor.","photos/CNWSR5.JPG"
"Cornwallis North West seminar room 6","Canterbury","Cornwallis North West","Canterbury Campus Administration","Classroom","30","Overhead projector, DVD player, Data projector, VGA connection, Computer, Lecture Capture, HDMI Connection","Yes","On entering Cornwallis North West turn left into the lobby, the room is the second down the courtyard corridor.","photos/CNWSR6.JPG"
"Cornwallis North West seminar room 7","Canterbury","Cornwallis North West","Canterbury Campus Administration","Classroom","30","Overhead projector, DVD player, Data projector, VGA connection, Computer, Lecture Capture, HDMI Connection","Yes","On entering Cornwallis North West turn left into the lobby, the room is the third down the courtyard corridor.","photos/CNWSR7.JPG"
"Cornwallis North West seminar room 8","Canterbury","Cornwallis North West","Canterbury Campus Administration","Classroom","30","Overhead projector, DVD player, Data projector, VGA connection, Computer, Lecture Capture, HDMI Connection","Yes","On entering Cornwallis North West turn left into the lobby, the room is the forth down the courtyard corridor.","photos/CNWSR8.JPG"
"Cornwallis North West seminar room 9","Canterbury","Cornwallis North West","Canterbury Campus Administration","Classroom","30","Overhead projector, DVD player, Data projector, VGA connection, Computer, Lecture Capture, HDMI Connection","Yes","On entering Cornwallis North West turn left into the lobby, the room is the last down the courtyard corridor.","photos/CNWSR9.JPG"
"Multimedia Lab 2","Canterbury","Cornwallis North West","School of European Culture and Languages","Language Lab","24","","No","MMLAB2",""
"Multimedia Lab 1","Canterbury","Cornwallis North West","School of European Culture and Languages","Language Lab","36","","No","On entering Cornwallis North West go up the stairs to the first floor and turn right. Go through the doors and the room is opposite on the left.","photos/MMLAB1.JPG"
"Knowledge Management Centre","Canterbury","Cornwallis George Allen Wing","School of Social Policy, Sociology and Social Research","Classroom","9","","No","Enter the George Allen Wing by the courtyard door. Turn left and go up to the second floor. At the top of the stairs turn left through the double doors, the room is first on the left.","photos/CGA.JPG"
"Dance Studio","Canterbury","Sports Centre","Canterbury Campus Administration","Open Space","30","","No","Entering the Sports centre the room is on the left behind reception.","photos/DANCE_STUD.JPG"
"Marlowe Architecture Studio","Canterbury","Marlowe Building","School of Architecture","Studio space","12","","No","BA_MOD_ARE","photos/MAR.JPG"
"Drama Workshop","Canterbury","Marlowe Building","School of Arts","Laboratory","20","","No","Entering the Marlowe building by the main entrance head to the back of the building and turn right. Take the corridor on the left to the workshop.","photos/MAR.JPG"
"Ethnobiology Lab","Canterbury","Marlowe Building","School of Anthropology and Conservation","Laboratory","20","","No","ETHNO_LAB","photos/ETHNO_LAB.JPG"
"Hugh Brody Room","Canterbury","Marlowe Building","School of Anthropology and Conservation","Laboratory","16","","No","Marlowe building, ground floor","photos/MAR_9.JPG"
"Marlowe room 113","Canterbury","Marlowe Building","School of Anthropology and Conservation","Laboratory","","","No","Enter the Marlowe building via doors at north end, go up the stairs and turn right. The room is half way along the corridor on the left","photos/MAR_113.JPG"
"Marlowe room 116","Canterbury","Marlowe Building","School of Anthropology and Conservation","Computer room","32","Data projector","No","Enter the Marlowe building via doors at north end, go up the stairs and turn right. The room is through the doors and on the left","photos/MAR_116.JPG"
"SAC Undergraduate teaching Laboratory","Canterbury","Marlowe Building","School of Anthropology and Conservation","Laboratory","30","","No","Enter the Marlowe building via doors at north end, go up the stairs and turn right. The room is through the doors and on the right.","photos/MAR_119.JPG"
"Marlowe Crit room","Canterbury","Marlowe Building","School of Architecture","Open Space","150","","No","MAR_CRIT_R","photos/MAR_CRIT_R.JPG"
"Marlowe MA Computer Lab","Canterbury","Marlowe Building","School of Architecture","Computer room","12","","No","MAR_MACOMP","photos/MAR_MACOMP.JPG"
"Marlowe PC lab","Canterbury","Marlowe Building","School of Architecture","Computer room","40","","No","MAR_PC_LAB","photos/MAR_PC_LAB.JPG"
"Marlowe Studio A","Canterbury","Marlowe Building","School of Architecture","Laboratory","150","","No","Entering the Marlow building by the main doors take the stairs to the first floor. Turn left, the room is in the opposite corner.","photos/STUDIO_A.JPG"
"Marlowe Studio B","Canterbury","Marlowe Building","School of Architecture","Laboratory","150","","No","Entering the Marlow building by the main doors take the stairs to the first floor. Turn left, the room is straight ahead.","photos/STUDIO_B.JPG"
"Marlowe Studio C","Canterbury","Marlowe Building","School of Architecture","Laboratory","160","","No","Enter the Marlowe building through the main doors, turn right, the room is on the far side of the foyer.","photos/STUDIO_C.JPG"
"Marlowe Architecture Workshop","Canterbury","Marlowe Building","School of Architecture","Laboratory","20","","No","Enter Marlow building by the main doors and head to the back of the building. Turn right and then through room 17 on the left, the room at the end of the corridor.","photos/MAR_WORKSH.JPG"
"Marlowe Lecture Theatre 1","Canterbury","Marlowe Building","Canterbury Campus Administration","Lecture Theatre","163","Slide projector, Microphone, Data projector, VGA connection, Computer, Infra red hearing system, Active Panel, Blu Ray, Digital OHP, Lecture Capture, Telephone, HDMI Connection, Hearing Loop","Yes","Enter the Marlowe building through the main doors; the door is at the bottom of the stairs facing the doors.","photos/MARLT1.JPG"
"Marlowe Lecture Theatre 2","Canterbury","Marlowe Building","Canterbury Campus Administration","Lecture Theatre","52","Data projector, VGA connection, Computer, Large screen, Blu Ray, Lecture Capture, Surround Sound, Telephone, Double data projection","Yes","Enter the Marlowe building via doors at north end and turn right; the room is through the doors and on the left.","photos/MARLT2.JPG"
"Stirling Library","Canterbury","Marlowe Building","School of Anthropology and Conservation","Seminar Room","16","DVD player, Data projector, VGA connection, Computer","No","Enter Marlowe via the doors at the north end and go upstairs. Turn right along the corridor, the room is halfway along on the left.","photos/STIRLING.JPG"
"Swingland Room","Canterbury","Marlowe Building","School of Anthropology and Conservation","Lecture Theatre","40","DVD player, Data projector, VGA connection, Computer, HDMI Connection","No","Enter Marlowe via the doors at the north end and go upstairs. Turn right and along the corridor, at the end of the corridor turn right and the room is on your right.","photos/SWINGLAND.JPG"
"Eliot Shirley Barlow room","Canterbury","Eliot College","Canterbury Campus Administration","Seminar Room","16","DVD player, Data projector, VGA connection, Computer, Infra red hearing system, Lecture Capture, Hearing Loop","No","Entering Eliot college take the left hand doors from the atrium, take the first stairs or lift down to level two and take the doors to the cloisters. Barlow is the room facing the doors.","photos/E.BARLOW.JPG"
"Eliot Becket Court seminar room 16","Canterbury","Eliot College","Canterbury Campus Administration","Seminar Room","17","Overhead projector, DVD player, Data projector, VGA connection, Computer, Lecture Capture","No","Eliot Becket Court is situated to the right of (as you look at) Eliot Collge, reached via the car park or by passing The Venue.  Enter by the doors closest to the footpath, the room is directly off the lobby.","photos/E.BC16.JPG"
"Eliot Becket Court seminar room 17","Canterbury","Eliot College","Canterbury Campus Administration","Seminar Room","17","Overhead projector, DVD player, Data projector, VGA connection, Computer, Lecture Capture","No","Eliot Becket Court is situated to the right of (as you look at) Eliot Collge, reached via the car park or by passing The Venue.  Enter by the doors closest to the footpath, the room is directly off the lobby.","photos/E.BC17.JPG"
"Eliot Peter Bird room","Canterbury","Eliot College","Canterbury Campus Administration","Seminar Room","16","DVD player, Data projector, VGA connection, Computer, Infra red hearing system, Lecture Capture","Yes","Entering Eliot College take the left hand doors in the atrium and go down to level two. Follow the corridor round to the third stairwell and take the doors to the cloisters. The room is on the left.","photos/E.BIRD.JPG"
"Eliot Chilver room","Canterbury","Eliot College","Canterbury Campus Administration","Seminar Room","16","DVD player, Data projector, VGA connection, Computer, Infra red hearing system, Lecture Capture","No","Entering Eliot College take the left hand doors in the atrium and go down to level two. Follow the corridor round to the third stairwell and take the doors to the cloisters. Take the path on your left, the room is in the corner on the left.","photos/E.CHILVER.JPG"
"Law School Mentors room","Canterbury","Eliot College","Kent Law School ","Seminar Room","9","","No","Entering Eliot college, take the left hand doors from the atrium and follow the corridor round and past the second stairwell. After the double doors the room is on the right.","photos/E.E3.W1.JPG"
"Eliot Holland room","Canterbury","Eliot College","Canterbury Campus Administration","Seminar Room","16","DVD player, Data projector, VGA connection, Computer, Infra red hearing system, Lecture Capture","Yes","Entering Eliot College take the left hand doors in the atrium and go down to level two. Follow the corridor round to the second stairwell and take the doors to the cloisters. The room is on the right.","photos/E.HOLLAND.JPG"
"Eliot Kennedy room","Canterbury","Eliot College","Canterbury Campus Administration","Seminar Room","22","Overhead projector, DVD player, Data projector, VGA connection, Computer, Infra red hearing system, Lecture Capture, Hearing Loop","No","Entering Eliot college take the left hand doors from the atrium and go up to level four. Go back to the west wing and take the left hand corridor to the stairwell by the SCR. Go up stairs to the Kennedy room.","photos/E.KENNEDY.JPG"
"Eliot Lyons room","Canterbury","Eliot College","Canterbury Campus Administration","Seminar Room","30","Overhead projector, DVD player, Data projector, VGA connection, Computer, Infra red hearing system, Lecture Capture, Hearing Loop","No","Entering Eliot college take the left hand doors from the atrium and go up to level four. Follow the corridor round to the third stair well and go up to the room. There is no disabled access to this room.","photos/E.LYONS.JPG"
"Eliot Pollard room","Canterbury","Eliot College","Canterbury Campus Administration","Seminar Room","16","DVD player, Data projector, VGA connection, Computer, Infra red hearing system, Lecture Capture","Yes","Entering Eliot College take the left hand doors in the atrium and go down to level two. Follow the corridor round to the second stairwell and take the doors to the cloisters. The room is on the left.","photos/E.POLLARD.JPG"
"Eliot Taylor room","Canterbury","Eliot College","Canterbury Campus Administration","Seminar Room","16","DVD player, Data projector, VGA connection, Computer, Infra red hearing system, Lecture Capture, Hearing Loop","No","Entering Eliot College take the left hand doors in the atrium and go down to level two. Follow the corridor round to the third stairwell and take the doors to the cloisters. Take the path on your left, the room is in the corner on the right.","photos/E.TAYLOR.JPG"
"Eliot Whitehouse room","Canterbury","Eliot College","Canterbury Campus Administration","Seminar Room","9","","No","E.WHITE","photos/EC.JPG"
"Eliot computer terminal room 1","Canterbury","Eliot College","Canterbury Campus Administration","Computer room","74","Overhead projector, DVD player, Data projector, VGA connection, Computer, Lecture Capture, Telephone, HDMI Connection","Yes","Entering Eliot college take the left hand doors from the atrium, take the first stairs or lift up to level four and continue round the corridor, after the second stairwell through the doors and on the left.","photos/ECT1.JPG"
"Eliot Lecture theatre 2","Canterbury","Eliot College","Canterbury Campus Administration","Lecture Theatre","112","Overhead projector, Microphone, Data projector, VGA connection, Computer, Large screen, Infra red hearing system, Active Panel, Blu Ray, Digital OHP, Lecture Capture, Telephone, HDMI Connection, Hearing Loop","Yes","Entering Eliot college take the left hand doors from the atrium, proceed along the corridor to the lobby; the room entrance is directly opposite.","photos/ELT2.JPG"
"Eliot Seminar room 1","Canterbury","Eliot College","Canterbury Campus Administration","Seminar Room","20","Overhead projector, Slide projector, DVD player, Data projector, VGA connection, Computer, Lecture Capture, HDMI Connection","Yes","Entering Eliot college take the left hand doors from the atrium, take the first stairs or lift up to level four and continue round the corridor. The room is the first on the left as you round the corner.","photos/ES1.JPG"
"Eliot Seminar room 2","Canterbury","Eliot College","Canterbury Campus Administration","Seminar Room","18","Overhead projector, DVD player, Data projector, VGA connection, Computer, Lecture Capture, HDMI Connection","Yes","Entering Eliot college take the left hand doors from the atrium, take the first stairs or lift up to level four and continue round the corridor. The room is the second on the left as you round the corner.","photos/ES2.JPG"
"Eliot Seminar room 3","Canterbury","Eliot College","Canterbury Campus Administration","Seminar Room","16","Overhead projector, DVD player, Data projector, VGA connection, Computer, Lecture Capture, HDMI Connection","Yes","Entering Eliot college take the left hand doors from the atrium, take the first stairs or lift up to level four and continue round the corridor. The room is the third on the left as you round the corner.","photos/ES3.JPG"
"Eliot Extension seminar room 1","Canterbury","Eliot College","Canterbury Campus Administration","Seminar Room","14","Overhead projector, DVD player, Data projector, VGA connection, Computer, Lecture Capture","Yes","Enter the Law School (Eliot Extension) by the main doors, turn right and go down the stairs, the room is on your left near the bottom of the stairs","photos/EC.JPG"
"Eliot Extension seminar room 2","Canterbury","Eliot College","Canterbury Campus Administration","Seminar Room","20","Overhead projector, DVD player, Data projector, VGA connection, Computer, Lecture Capture","Yes","Enter the Law School (Eliot Extension) by the main doors, turn left, the room is on your left at the end of the corridor.","photos/EC.JPG"
"Eliot Extension seminar room 3","Canterbury","Eliot College","Canterbury Campus Administration","Seminar Room","20","Overhead projector, DVD player, Data projector, VGA connection, Computer, Lecture Capture","Yes","Enter the Law School (Eliot Extension) by the main doors, turn left, the room is on your right at the end of the corridor.","photos/EC.JPG"
"Forrest Drama Studio","Canterbury","Eliot College","School of Arts","Studio space","30","","No","Entering Eliot college take the left hand doors from the atrium, proceed along the corridor to the lobby; the room entrance is across the lobby on the left.","photos/E.F.DR.ST.JPG"
"Law School Postgraduate seminar room","Canterbury","Eliot College","Kent Law School ","Seminar Room","20","DVD player, Data projector, VGA connection, Computer","Yes","KLS_PGS_RM","photos/KLS_PGS_RM.JPG"
"Law School Postgraduate teaching room","Canterbury","Eliot College","Kent Law School ","Seminar Room","25","DVD player, Data projector, VGA connection, Computer","Yes","Entering Eliot college take the left hand doors from the atrium, take the first stairs or lift up to level four and continue round the corridor, after the second stairwell through the doors and on the left.","photos/KLS_PGT_RM.JPG"
"Drama Simulation Studio","Canterbury","Eliot College","School of Arts","Seminar Room","8","","No","SIMULATION","photos/EC.JPG"
"KBS Extension room 1","Canterbury","KBS Extension","Canterbury Campus Administration","Seminar Room","26","DVD player, Data projector, VGA connection, Computer, Lecture Capture, HDMI Connection","Yes","Take the double doors on the left side of the KBSX block. (Building between KBS and RDC)","photos/KBSX1.JPG"
"KBS Extension room 2","Canterbury","KBS Extension","Canterbury Campus Administration","Seminar Room","28","DVD player, Data projector, VGA connection, Computer, Lecture Capture, HDMI Connection","Yes","Take the doors at the top of the entrance ramp, the room is directly off the lobby. (Building between KBS and RDC)","photos/KBSX2.JPG"
"KBS Extension room 3","Canterbury","KBS Extension","Canterbury Campus Administration","Seminar Room","20","DVD player, Data projector, VGA connection, Computer, Lecture Capture, HDMI Connection","Yes","Take the doors at the top of the entrance ramp, the room is directly off the lobby. (Building between KBS and RDC)","photos/KBSX3.JPG"
"KBS Extension room 4","Canterbury","KBS Extension","Canterbury Campus Administration","Seminar Room","28","DVD player, Data projector, VGA connection, Computer, Lecture Capture, HDMI Connection","Yes","Take the doors at the top of the entrance ramp, the room is directly off the lobby. (Building between KBS and RDC)","photos/KBSX4.JPG"
"KBS Extension IT Suite","Canterbury","KBS Extension","Kent Business School","Computer room","6","","No","KBSXPC","photos/KBSX.JPG"
"Woolf seminar room 1","Canterbury","Woolf College","Canterbury Campus Administration","Seminar Room","18","Overhead projector, Data projector, VGA connection, Computer, Infra red hearing system, Blu Ray, Lecture Capture","Yes","Entering Woolf college turn right into the downstairs foyer, then through the double doors on the left and upstairs. The room is ahead and on the left.","photos/W1-SR1.JPG"
"Woolf seminar room 2","Canterbury","Woolf College","Canterbury Campus Administration","Seminar Room","18","Data projector, VGA connection, Computer, Large screen, Infra red hearing system, Blu Ray, Lecture Capture","Yes","Entering Woolf college turn right into the downstairs foyer, then through the double doors on the left and upstairs. The room is behind and on the left.","photos/W1-SR2.JPG"
"Woolf seminar room 3","Canterbury","Woolf College","Canterbury Campus Administration","Seminar Room","20","Overhead projector, Data projector, VGA connection, Computer, Large screen, Infra red hearing system, Blu Ray, Lecture Capture","Yes","Entering Woolf college turn right into the downstairs foyer, then through the double doors on the left and upstairs. The room is behind and on the left.","photos/W1-SR3.JPG"
"Woolf seminar room 4","Canterbury","Woolf College","Canterbury Campus Administration","Seminar Room","20","Overhead projector, Data projector, VGA connection, Computer, Large screen, Infra red hearing system, Blu Ray, Lecture Capture","Yes","Entering Woolf college turn right into the downstairs foyer, then through the double doors on the left and upstairs. The room is behind and on the right.","photos/W1-SR4.JPG"
"Woolf seminar room 5","Canterbury","Woolf College","Canterbury Campus Administration","Classroom","40","Data projector, VGA connection, Computer, Large screen, Infra red hearing system, Blu Ray, Digital OHP, Lecture Capture","Yes","Entering Woolf college turn right into the downstairs foyer, then through the double doors on the left and upstairs. The room is behind and on the right.","photos/W1-SR5.JPG"
"Woolf seminar room 6","Canterbury","Woolf College","Canterbury Campus Administration","Classroom","40","Overhead projector, Data projector, VGA connection, Computer, Large screen, Infra red hearing system, Blu Ray, Digital OHP, Lecture Capture","Yes","Entering Woolf college turn right into the downstairs foyer, then through the double doors on the left and upstairs. The room is ahead and on the right.","photos/W1-SR6.JPG"
"Woolf Lecture Theatre","Canterbury","Woolf College","Canterbury Campus Administration","Lecture Theatre","471","Microphone, DVD player, Data projector, VGA connection, Computer, Large screen, Infra red hearing system, Active Panel, Blu Ray, Digital OHP, Lecture Capture, Telephone, HDMI Connection, Triple data projection, Double data projection, Hearing Loop","Yes","Enter Woolf college and turn right, there are doors to the lecture theatre either side of foyer.","photos/W-LT.JPG"
"Sibson Lecture Theatre 1","Canterbury","Sibson","Canterbury Campus Administration","Lecture Theatre","170","Microphone, DVD player, Data projector, VGA connection, Computer, Blu Ray, Digital OHP, Lecture Capture, HDMI Connection, Double data projection, Hearing Loop","Yes","Entering the Sibson building by the main entrance, turn right in the lobby and go through the doors then turn left. The lecture theatre is at the end of the corridor on the left, by the rear entrance to the building.
 ","photos/SIBLT1.JPG"
"Sibson Lecture Theatre 2","Canterbury","Sibson","Canterbury Campus Administration","Lecture Theatre","117","Overhead projector, Microphone, DVD player, Data projector, VGA connection, Computer, Blu Ray, Digital OHP, Lecture Capture, HDMI Connection, Hearing Loop","Yes","SIBLT2","photos/SIBLT2.JPG"
"Sibson Lecture Theatre 3","Canterbury","Sibson","Canterbury Campus Administration","Lecture Theatre","298","Overhead projector, Microphone, DVD player, Data projector, VGA connection, Computer, Blu Ray, Digital OHP, Lecture Capture, HDMI Connection, Triple data projection, Double data projection, Hearing Loop","Yes","SIBLT3","photos/SIBLT3.JPG"
"Sibson PC Room 1","Canterbury","Sibson","Canterbury Campus Administration","Computer room","52","DVD player, Data projector, VGA connection, Computer, Blu Ray, HDMI Connection, Hearing Loop","Yes","SIBPC1","photos/SIBPC1.JPG"
"Sibson PC Room 2","Canterbury","Sibson","Canterbury Campus Administration","Computer room","23","Bloomberg, Microphone, DVD player, VGA connection, Computer, Blu Ray, Lecture Capture, HDMI Connection, Double data projection, Hearing Loop","Yes","SIBPC2","photos/SIBPC2.JPG"
"Sibson Seminar Room 1","Canterbury","Sibson","Canterbury Campus Administration","Seminar Room","30","Microphone, DVD player, Data projector, VGA connection, Computer, Blu Ray, Lecture Capture, HDMI Connection, Hearing Loop","Yes","SIBSR1","photos/SIBSR1.JPG"
"Sibson Seminar Room 2","Canterbury","Sibson","Canterbury Campus Administration","Classroom","40","DVD player, Data projector, VGA connection, Audio loop, Digital OHP, Lecture Capture, HDMI Connection, Triple data projection, Double data projection, Hearing Loop","Yes","SIBSR2","photos/SIBSR2.JPG"
"Sibson Seminar Room 3","Canterbury","Sibson","Canterbury Campus Administration","Seminar Room","24","Microphone, DVD player, Data projector, VGA connection, Computer, Blu Ray, Lecture Capture, HDMI Connection, Hearing Loop","Yes","SIBSR3","photos/SIBSR3.JPG"
"Sibson Seminar Room 4","Canterbury","Sibson","Canterbury Campus Administration","Classroom","23","Microphone, DVD player, Data projector, VGA connection, Computer, Blu Ray, Lecture Capture, HDMI Connection, Hearing Loop","Yes","SIBSR4","photos/SIBSR4.JPG"
"Sibson Seminar Room 5","Canterbury","Sibson","Canterbury Campus Administration","Seminar Room","24","Microphone, DVD player, Data projector, VGA connection, Computer, Blu Ray, Lecture Capture, HDMI Connection, Hearing Loop","Yes","SIBSR5","photos/SIBSR5.JPG"
"Sibson Seminar Room 6","Canterbury","Sibson","Canterbury Campus Administration","Classroom","47","Microphone, DVD player, Data projector, VGA connection, Computer, Blu Ray, Lecture Capture, HDMI Connection, Hearing Loop","Yes","SIBSR6","photos/SIBSR6.JPG"
"Aphra Theatre","Canterbury","Drama Facilities","School of Arts","Performance Space","120","","Yes","Entering the Grimond building, go through the foyer to the right, into the Aphra foyer. The room is on the left hand side.","photos/APHRA_THEA.JPG"
"Drama Design Workshop","Canterbury","Drama Facilities","School of Arts","Seminar Room","","","No","Entering Marlowe by the main entrance head to the back of the building, turn right, then left. The room is at the end of the corridor.","photos/DESIGN_WOR.JPG"
"Lumley theatre","Canterbury","Drama Facilities","School of Arts","Performance Space","55","","Yes","Lumley Building (by Grimond)","photos/LUMLEY.JPG"
"Brian Spratt room","Canterbury","Cornwallis South","School of Computing","Classroom","50","Overhead projector, Data projector","Yes","Enter Cornwallis SW (doors closest Gulbenkian, facing Rutherford), take the stairs to the first floor. Go through the doors and turn left. Through the next door follow the corridor right then left and through another door into the south-west wing. The room is first on the left.","photos/COMPSW101.JPG"
"Kent IT Clinic","Canterbury","Cornwallis South","School of Computing","Laboratory","20","","No","KITC","photos/KITC.JPG"
"Rutherford Cloister room 15","Canterbury","Rutherford College","Canterbury Campus Administration","Seminar Room","16","Data projector, VGA connection, Computer, Infra red hearing system, Blu Ray, Lecture Capture, Hearing Loop","No","Entering Rutherford college take the right hand doors from the atrium then go down to level two. Follow the corridor round to the second stairwell and take the doors to the cloister, the room is on the left.","photos/R.CL.15.JPG"
"Rutherford Cloister room 16","Canterbury","Rutherford College","Canterbury Campus Administration","Seminar Room","16","Data projector, VGA connection, Computer, Infra red hearing system, Blu Ray, Lecture Capture","No","Entering Rutherford college take the right hand doors from the atrium then go down to level two. Take the doors to the cloister, the room is on the right.","photos/R.CL.16.JPG"
"Rutherford Cloister room 17","Canterbury","Rutherford College","Canterbury Campus Administration","Seminar Room","16","Data projector, VGA connection, Computer, Infra red hearing system, Blu Ray, Lecture Capture","No","Entering Rutherford college take the right hand doors from the atrium then go down to level two. Take the doors to the cloister, the room is on the left.","photos/R.CL.17.JPG"
"Rutherford Cloister room 19","Canterbury","Rutherford College","Canterbury Campus Administration","Seminar Room","16","Data projector, VGA connection, Computer, Infra red hearing system, Blu Ray, Lecture Capture","No","Entering Rutherford college take the right hand doors from the atrium then go down to level two. Take the doors to the cloister, the room across the cloisters on the left.","photos/R.CL.19.JPG"
"Rutherford Cloister room 20","Canterbury","Rutherford College","Canterbury Campus Administration","Seminar Room","16","Data projector, VGA connection, Computer, Infra red hearing system, Blu Ray, Lecture Capture","No","Entering Rutherford college take the right hand doors from the atrium then go down to level two. Take the doors to the cloister, the room across the cloisters on the right.","photos/R.CL.20.JPG"
"Rutherford Cloister room 21","Canterbury","Rutherford College","Canterbury Campus Administration","Informal Room","15","Data projector, VGA connection, Computer, Infra red hearing system, Blu Ray, Lecture Capture","Yes","Entering Rutherford college take the right hand doors from the atrium then go down to level two. Follow the corridor round to the second stairwell and take the doors to the cloister, the room is on the right.","photos/R.CL.21.JPG"
"Rutherford Stanley Rogers Room","Canterbury","Rutherford College","Canterbury Campus Administration","Seminar Room","22","Overhead projector, DVD player, Data projector, VGA connection, Computer, Infra red hearing system, Lecture Capture, Hearing Loop","No","Entering Rutherford college take the right doors from the atrium and go up to level four. Turn right and through the double doors. Take the right hand corridor to the stairwell and up to the room. There is no disabled access to this room.","photos/R.ROGERSRM.JPG"
"Rutherford Lecture Theatre 1","Canterbury","Rutherford College","Canterbury Campus Administration","Lecture Theatre","196","Microphone, DVD player, Data projector, VGA connection, Computer, Large screen, Infra red hearing system, Active Panel, Digital OHP, Lecture Capture, Telephone, Triple data projection, Double data projection, Hearing Loop","Yes","Entering Rutherford college take the right hand doors from the atrium. Follow the corridor round to the lobby, the room is on your right.","photos/RLT1.JPG"
"Rutherford Lecture Theatre 2","Canterbury","Rutherford College","Canterbury Campus Administration","Classroom","40","Data projector, VGA connection, Computer, Large screen, Blu Ray, Digital OHP, Lecture Capture, Telephone","Yes","Entering Rutherford college take the right hand doors from the atrium. Follow the corridor round to the lobby, the room is on your right.","photos/RLT2.JPG"
"Rutherford Seminar room 4","Canterbury","Rutherford College","Canterbury Campus Administration","Seminar Room","20","Data projector, VGA connection, Computer, Blu Ray, Lecture Capture, HDMI Connection","Yes","Entering Rutherford college take the right hand doors from the atrium then go up to level four. Follow the corridor round, the room is the third on the right.","photos/RS4.JPG"
"Rutherford Seminar room 7","Canterbury","Rutherford College","Canterbury Campus Administration","Seminar Room","22","Overhead projector, DVD player, Data projector, VGA connection, Computer, Lecture Capture","No","Entering Rutherford college take the right hand doors from the atrium then go up to level four. Follow the corridor round, to the second stairwell then through the double doors. The room is through the computer room on the right, on the left hand side of the far corridor.","photos/RS7.JPG"
"Rutherford Extension room 11","Canterbury","Rutherford College","Canterbury Campus Administration","Seminar Room","19","Overhead projector, Television, DVD player, Data projector, VGA connection, Computer, Lecture Capture","Yes","The entrance to the room is directly off the garden between Rutherford College and the School of English.","photos/RX11.JPG"
"Rutherford Extension room 12","Canterbury","Rutherford College","Canterbury Campus Administration","Seminar Room","22","Overhead projector, DVD player, Data projector, VGA connection, Computer, Lecture Capture","Yes","The entrance to the room is directly off the garden between Rutherford College and the School of English.","photos/RX12.JPG"
"Grimond Lecture Theatre 1","Canterbury","Grimond Building","Canterbury Campus Administration","Lecture Theatre","215","Microphone, DVD player, Data projector, VGA connection, Audio loop, Computer, Large screen, Infra red hearing system, Active Panel, Blu Ray, Digital OHP, Lecture Capture, Surround Sound, Telephone, HDMI Connection, Hearing Loop","Yes","Entering the Grimond building the room is directly ahead.","photos/GLT1.JPG"
"Grimond Lecture Theatre 2","Canterbury","Grimond Building","Canterbury Campus Administration","Lecture Theatre","147","Microphone, Data projector, VGA connection, Audio loop, Computer, Large screen, Infra red hearing system, Active Panel, Blu Ray, Lecture Capture, HDMI Connection, Hearing Loop","Yes","Entering the Grimond building the room is ahead and to the left.","photos/GLT2.JPG"
"Grimond Lecture Theatre 3","Canterbury","Grimond Building","Canterbury Campus Administration","Lecture Theatre","98","16mm film, 35mm film, Data projector, VGA connection, Audio loop, Computer, Large screen, Infra red hearing system, Active Panel, Blu Ray, Lecture Capture, Surround Sound, Telephone, HDMI Connection, Hearing Loop","Yes","Entering the Grimond building the room is immediately on the right.","photos/GLT3.JPG"
"Grimond seminar room 1","Canterbury","Grimond Building","Canterbury Campus Administration","Seminar Room","20","Data projector, VGA connection, Computer, Blu Ray, Lecture Capture, HDMI Connection","Yes","Entering the Grimond building turn left down the corridor. The room is first on the left.","photos/GS1.JPG"
"Grimond seminar room 2","Canterbury","Grimond Building","Canterbury Campus Administration","Seminar Room","23","Data projector, VGA connection, Computer, Blu Ray, Lecture Capture, HDMI Connection","Yes","Entering the Grimond building turn left down the corridor. The room is second on the left.","photos/GS2.JPG"
"Grimond seminar room 3","Canterbury","Grimond Building","Canterbury Campus Administration","Seminar Room","23","Data projector, VGA connection, Audio loop, Computer, Infra red hearing system, Blu Ray, Lecture Capture, HDMI Connection, Hearing Loop","Yes","Entering the Grimond building turn left down the corridor. The room is at the end of the corridor on the left.","photos/GS3.JPG"
"Grimond seminar room 4","Canterbury","Grimond Building","Canterbury Campus Administration","Seminar Room","23","Data projector, VGA connection, Computer, Blu Ray, Lecture Capture, HDMI Connection","Yes","Entering the Grimond building turn left down the corridor. The room is at the end of the corridor on the right.","photos/GS4.JPG"
"Grimond seminar room 5","Canterbury","Grimond Building","Canterbury Campus Administration","Seminar Room","20","Data projector, VGA connection, Computer, Blu Ray, Lecture Capture, HDMI Connection","Yes","Entering the Grimond building take the stairs to the first floor and go down the corridor. The room is first on the left.","photos/GS5.JPG"
"Grimond seminar room 6","Canterbury","Grimond Building","Canterbury Campus Administration","Seminar Room","23","Data projector, VGA connection, Computer, Blu Ray, Lecture Capture, HDMI Connection","Yes","Entering the Grimond building take the stairs to the first floor and go down the corridor. The room is second on the left.","photos/GS6.JPG"
"Grimond seminar room 7","Canterbury","Grimond Building","Canterbury Campus Administration","Seminar Room","23","Data projector, VGA connection, Computer, Blu Ray, Lecture Capture, HDMI Connection","Yes","Entering the Grimond building take the stairs to the first floor and go down the corridor. The room is at the end of the corridor on the left.","photos/GS7.JPG"
"Grimond seminar room 8","Canterbury","Grimond Building","Canterbury Campus Administration","Seminar Room","23","Data projector, VGA connection, Computer, Blu Ray, Lecture Capture, HDMI Connection","Yes","Entering the Grimond building take the stairs to the first floor and go down the corridor. The room is at the end of the corridor on the right.","photos/GS8.JPG"
"Lupino Screening Room","Canterbury","Grimond Building","Canterbury Campus Administration","Private","62","Data projector, Large screen, Blu Ray, Surround Sound","Yes","LScr","photos/LScr.JPG"
"McVittie Library","Canterbury","Cornwallis Mathematical Institute","School of Mathematics, Statistics and Actuarial Science","Informal Room","9","Overhead projector, DVD player, Computer","No","Enter the Cornwallis building via the doors to Maths Carpark. Take the stairs to the first floor and turn right. The room is the first on your right.","photos/MCVITTIE_L.JPG"
"Cornwallis PC Room 1","Canterbury","Cornwallis East","Canterbury Campus Administration","Computer room","30","DVD player, Data projector, VGA connection, Computer, Infra red hearing system, Lecture Capture, HDMI Connection","Yes","CEPC1","photos/CEPC1.JPG"
"Cornwallis PC Room 2","Canterbury","Cornwallis East","Canterbury Campus Administration","Computer room","18","DVD player, Data projector, VGA connection, Computer, Infra red hearing system, Lecture Capture, HDMI Connection","Yes","CEPC2","photos/CEPC2.JPG"
"Cornwallis East Seminar Room 1","Canterbury","Cornwallis East","Canterbury Campus Administration","Seminar Room","50","Data projector, VGA connection, Computer, Infra red hearing system, Blu Ray, Lecture Capture, HDMI Connection","Yes","CESR1","photos/CESR1.JPG"
"Cornwallis East Seminar Room 2","Canterbury","Cornwallis East","Canterbury Campus Administration","Seminar Room","50","Data projector, VGA connection, Audio loop, Computer, Blu Ray, Lecture Capture, HDMI Connection, Hearing Loop","Yes","CESR2","photos/CESR2.JPG"
"Jarman Studio 1","Canterbury","Jarman Building","School of Arts","Performance Space","88","","Yes","Entering the Jarman building turn left and proceed to the back of the building. The room is through the double doors and on the left.","photos/JAR1.JPG"
"Jarman Studio 10","Canterbury","Jarman Building","School of Arts","Post Production","6","","Yes","Entering the Jarman building, turn left at the end of the front corridor. The room is through the doors to the right.","photos/JAR10.JPG"
"Jarman Studio 11","Canterbury","Jarman Building","School of Arts","Post Production","6","","Yes","Entering the Jarman building, turn left at the end of the front corridor. The room is through the doors to the right.","photos/JAR11.JPG"
"Jarman Studio 12","Canterbury","Jarman Building","School of Arts","Post Production","6","","Yes","Entering the Jarman building take the stairs to the first floor. Turn left, at the end of the corridor turn left, then right.","photos/JAR12.JPG"
"Jarman Studio 13","Canterbury","Jarman Building","School of Arts","Post Production","6","","Yes","Entering the Jarman building take the stairs to the first floor. Turn left, at the end of the corridor turn left, then right.","photos/JAR13.JPG"
"Jarman Studio 14","Canterbury","Jarman Building","School of Arts","Post Production","6","","Yes","Entering the Jarman building take the stairs to the first floor. Turn left, at the end of the corridor turn left, then right.","photos/JAR14.JPG"
"Jarman Studio 15","Canterbury","Jarman Building","School of Arts","Post Production","6","","Yes","Entering the Jarman building take the stairs to the first floor. Turn left, at the end of the corridor turn left, then right.","photos/JAR15.JPG"
"Jarman Studio 16","Canterbury","Jarman Building","School of Arts","Post Production","6","","Yes","Entering the Jarman building take the stairs to the first floor. Turn left, at the end of the corridor turn right, then left.","photos/JAR16.JPG"
"Jarman Studio 17","Canterbury","Jarman Building","School of Arts","Post Production","6","","Yes","Entering the Jarman building take the stairs to the first floor. Turn left, at the end of the corridor turn right, then left.","photos/JAR17.JPG"
"Jarman Studio 2","Canterbury","Jarman Building","School of Arts","Performance Space","60","","Yes","Entering the Jarman building turn left and proceed to the back of the building. The room is through the double doors and on the right.","photos/JAR2.JPG"
"Jarman Studio 4","Canterbury","Jarman Building","School of Arts","Computer room","16","","Yes","Entering the Jarman building take the stairs to the first floor. The room is to the right at the top of the stairs.","photos/JAR4.JPG"
"Jarman Studio 5","Canterbury","Jarman Building","School of Arts","Seminar Room","12","","Yes","Entering the Jarman building take the stairs to the first floor. The room is facing the top of the stairs.","photos/JAR5.JPG"
"Jarman Studio 6","Canterbury","Jarman Building","School of Arts","Seminar Room","18","DVD player, Data projector, Computer","Yes","Entering the Jarman building take the stairs to the first floor. Turn left, the room is on the right as you enter the corridor.","photos/JAR6.JPG"
"Jarman Studio 7","Canterbury","Jarman Building","School of Arts","Seminar Room","20","DVD player, Data projector, Computer","Yes","Entering the Jarman building take the stairs to the first floor. Turn left, the room is on the left as you enter the corridor.","photos/JAR7.JPG"
"Jarman Studio 8","Canterbury","Jarman Building","School of Arts","Post Production","6","","Yes","Entering the Jarman building, turn left at the end of the front corridor. The room is through the doors to the right.","photos/JAR8.JPG"
"Jarman Studio 9","Canterbury","Jarman Building","School of Arts","Post Production","6","","Yes","Entering the Jarman building, turn left at the end of the front corridor. The room is through the doors to the right.","photos/JAR9.JPG"
"Cornwallis Computer room 02","Canterbury","Cornwallis South East (Octagon)","Canterbury Campus Administration","Computer room","42","Data projector, VGA connection, Computer, Blu Ray, Lecture Capture, Telephone","Yes","Enter the Cornwallis building through the doors by the Octagon. Turn right and go up the stairs. Follow the balcony round to the left; the room is on your right.","photos/CC02.JPG"
"Cornwallis Computer room 03","Canterbury","Cornwallis South East (Octagon)","Canterbury Campus Administration","Computer room","27","DVD player, Data projector, VGA connection, Computer, Lecture Capture","Yes","Enter Cornwallis south through the central (Information Services) doors, turn left and then right, the room is on your left.","photos/CC03.JPG"
"Cornwallis Octagon Lecture Theatre 2","Canterbury","Cornwallis South East (Octagon)","Canterbury Campus Administration","Lecture Theatre","114","Microphone, Data projector, VGA connection, Computer, Blu Ray, Digital OHP, Lecture Capture, Telephone, HDMI Connection, Hearing Loop","Yes","Enter the Cornwallis building through the doors by the Octagon. Turn right, the room is on your left.","photos/COLT2.JPG"
"Cornwallis Octagon Lecture Theatre 3","Canterbury","Cornwallis South East (Octagon)","Canterbury Campus Administration","Lecture Theatre","68","Video Conferencing on request, Data projector, VGA connection, Computer, Blu Ray, Digital OHP, Lecture Capture, Telephone, HDMI Connection","Yes","Enter the Cornwallis building through the doors by the Octagon. Turn right and go up the stairs. Follow the balcony round to the left; the room is on your right.","photos/COLT3.JPG"
"Biosciences Research Labs","Canterbury","Stacey Building","School of Biosciences","Laboratory","20","","No","Location details provided by academic school.","photos/RES_LABS.JPG"
"Biosciences Teaching Lab 1","Canterbury","Stacey Building","School of Biosciences","Laboratory","24","","No","Enter the Stacey (Biosciences) building, take the corridor from the foyer and turn left. Lab 1 is first on the left.","photos/BIOL_LAB_1.JPG"
"Biosciences Teaching Lab 2","Canterbury","Stacey Building","School of Biosciences","Laboratory","48","","No","Enter the Stacey (Biosciences) building, take the corridor from the foyer and turn left. Lab 2 is second on the left.","photos/BIOL_LAB_2.JPG"
"Biosciences Teaching Lab 3","Canterbury","Stacey Building","School of Biosciences","Laboratory","52","","No","Enter the Stacey (Biosciences) building, take the corridor from the foyer and turn left. Lab 3 is at the end of the corridor.","photos/BIOL_LAB_3.JPG"
"Stacey Lecture Theatre 1","Canterbury","Stacey Building","Canterbury Campus Administration","Lecture Theatre","128","Overhead projector, Microphone, Data projector, VGA connection, Audio loop, Computer, Blu Ray, Digital OHP, Lecture Capture, Telephone","Yes","Enter the Stacey (Biosciences) building and take the stairs to the first floor. The room is on the right.","photos/SLT1.JPG"
"Stacey Lecture Theatre 2","Canterbury","Stacey Building","Canterbury Campus Administration","Lecture Theatre","40","Overhead projector, Microphone, Data projector, VGA connection, Audio loop, Computer, Blu Ray, Digital OHP, Lecture Capture, Telephone","Yes","Enter the Stacey (Biosciences) building and take the stairs to the first floor. The room is at the top of the stairs.","photos/SLT2.JPG"
"Gulbenkian seminar room","Canterbury","The Gulbenkian","Canterbury Campus Administration","Seminar Room","24","DVD player, Data projector, VGA connection, Computer, Infra red hearing system, Lecture Capture, Hearing Loop","Yes","Entering the Gulbenkian by the main doors take the stairs to the first floor. Walk straight down the corridor. The room is on the right.","photos/CGUS.JPG"
"Gulbenkian Cinema","Canterbury","The Gulbenkian","Canterbury Campus Administration","Lecture Theatre","303","Overhead projector, Microphone, Data projector, VGA connection, Computer, Large screen, Infra red hearing system, Active Panel, Blu Ray, Digital OHP, Lecture Capture, Surround Sound, Telephone, HDMI Connection, Hearing Loop","Yes","Entering the Gulbenkian by the main doors turn right. The cinema is through the double doors on your left.","photos/CINEMA.JPG"
"Keynes Seminar Room L1.9","Canterbury","Keynes College","School of Psychology","Seminar Room","25","","No","K.SR_L1.9","photos/K.SR_L1.9.JPG"
"Keynes Lecture Theatre 1 (Brabourne)","Canterbury","Keynes College","Canterbury Campus Administration","Lecture Theatre","330","Microphone, Data projector, VGA connection, Audio loop, Computer, Large screen, Active Panel, Blu Ray, Digital OHP, Lecture Capture, Telephone, HDMI Connection, Triple data projection, Double data projection, Hearing Loop","Yes","Entering Keynes take the stairs in the Atrium to the balcony, the doors to the room are on the left. Disabled access to the front of the room is at the end of the corridor under the balcony.","photos/KLT1.JPG"
"Keynes Lecture Theatre 2","Canterbury","Keynes College","Canterbury Campus Administration","Lecture Theatre","60","Microphone, Data projector, VGA connection, Computer, Infra red hearing system, Active Panel, Blu Ray, Digital OHP, Lecture Capture, Telephone, Hearing Loop","No","Entering Keynes college take the doors by reception and turn left. The room is at the bottom of the steps at the end of the corridor on the right.","photos/KLT2.JPG"
"Keynes Lecture Theatre 3","Canterbury","Keynes College","Canterbury Campus Administration","Lecture Theatre","60","Microphone, Data projector, VGA connection, Computer, Infra red hearing system, Active Panel, Blu Ray, Digital OHP, Lecture Capture, Telephone, Hearing Loop","No","Entering Keynes college take the doors by reception and turn left. The room is at the bottom of the steps at the end of the corridor on the left.","photos/KLT3.JPG"
"Keynes Lecture Theatre 4","Canterbury","Keynes College","School of Psychology","Seminar Room","130","","Yes","Entering Keynes college take the corridor on your left, under the balcony. The room is on the right.","photos/KLT4.JPG"
"Keynes Lecture Theatre 5","Canterbury","Keynes College","Canterbury Campus Administration","Lecture Theatre","92","Video Conferencing on request, Overhead projector, Slide projector, Data projector, VGA connection, Computer, Large screen, Infra red hearing system, Active Panel, Blu Ray, Digital OHP, Lecture Capture, Telephone, HDMI Connection","Yes","Entering Keynes college, turn right at reception and then left, take the stairs by the bar to the first floor, and through the doors to the right. The room is on the left side of the foyer.","photos/KLT5.JPG"
"Keynes Lecture Theatre 6","Canterbury","Keynes College","Canterbury Campus Administration","Lecture Theatre","92","Video Conferencing on request, Overhead projector, DVD player, Data projector, VGA connection, Audio loop, Computer, Large screen, Active Panel, Digital OHP, Lecture Capture, HDMI Connection, Hearing Loop","Yes","Entering Keynes college, turn right at reception and then left, take the stairs by the bar to the first floor, and through the doors to the right. Take the corridor from the foyer and turn left at the end, the room is on the left.","photos/KLT6.JPG"
"Keynes Seminar Room 1","Canterbury","Keynes College","Canterbury Campus Administration","Seminar Room","24","Overhead projector, DVD player, Data projector, VGA connection, Computer, Lecture Capture","Yes","Entering Keynes college turn left at Reception and take the stairs at the end of the corridor to the first floor. The room is along the corridor and on the left.","photos/KS1.JPG"
"Keynes Seminar Room 11","Canterbury","Keynes College","Canterbury Campus Administration","Classroom","32","Overhead projector, DVD player, Data projector, VGA connection, Computer, Lecture Capture","Yes","Entering Keynes college, turn right at reception and then left, take the stairs by the bar to the first floor, and through the doors to the right. Take the corridor from the foyer and turn left at the end, go through the double doors and the room is ahead on the right.","photos/KS11.JPG"
"Keynes Seminar Room 12","Canterbury","Keynes College","Canterbury Campus Administration","Classroom","40","Overhead projector, DVD player, Data projector, VGA connection, Computer, Large screen, Lecture Capture","Yes","Entering Keynes college, turn right at reception and then left, take the stairs by the bar to the first floor, and through the doors to the right. Take the corridor from the foyer and turn left at the end, go through the double doors and the room is down the side corridor on the right.","photos/KS12.JPG"
"Keynes Seminar Room 13","Canterbury","Keynes College","Canterbury Campus Administration","Classroom","45","Overhead projector, DVD player, Data projector, VGA connection, Computer, Lecture Capture","Yes","Entering Keynes college, turn right at reception and then left, take the stairs by the bar to the first floor, and through the doors to the right. Take the corridor from the foyer and turn left at the end, the room is on the right as you go through the double doors.","photos/KS13.JPG"
"Keynes Seminar Room 14","Canterbury","Keynes College","Canterbury Campus Administration","Classroom","45","Overhead projector, DVD player, Data projector, VGA connection, Computer, Lecture Capture","Yes","Entering Keynes college, turn right at reception and then left, take the stairs by the bar to the first floor, and through the doors to the right. Take the corridor from the foyer, the room is directly opposite the double doors at the end.","photos/KS14.JPG"
"Keynes Seminar Room 15","Canterbury","Keynes College","Canterbury Campus Administration","Classroom","50","Overhead projector, DVD player, Data projector, VGA connection, Computer, Lecture Capture","Yes","Entering Keynes college, turn right at reception and then left, take the stairs by the bar to the first floor, and through the doors to the right. Take the corridor from the foyer and turn right at the end, the room is on the left.","photos/KS15.JPG"
"Keynes Seminar Room 16","Canterbury","Keynes College","Canterbury Campus Administration","Classroom","52","Overhead projector, DVD player, Data projector, VGA connection, Double slide projection, Computer, Large screen, Infra red hearing system, Active Panel, Lecture Capture, Telephone, HDMI Connection, Hearing Loop","Yes","Entering Keynes college, turn right at reception and then left, take the stairs by the bar to the first floor, and through the doors to the right. Take the corridor from the foyer and turn right at the end, the room is on the right.","photos/KS16.JPG"
"Keynes Seminar Room 17","Canterbury","Keynes College","Canterbury Campus Administration","Classroom","50","Overhead projector, DVD player, Data projector, VGA connection, Double slide projection, Computer, Large screen, Infra red hearing system, Active Panel, Lecture Capture, HDMI Connection","Yes","Entering Keynes college, turn right at reception and then left, take the stairs by the bar to the first floor, and through the doors to the right. The room is on the right side of the foyer.","photos/KS17.JPG"
"Keynes Seminar Room 2","Canterbury","Keynes College","Canterbury Campus Administration","Seminar Room","17","Overhead projector, DVD player, Data projector, VGA connection, Computer, Lecture Capture","Yes","Entering Keynes college turn left at Reception and take the stairs at the end of the corridor to the first floor. The room is on the left at the top of the stairs.","photos/KS2.JPG"
"Keynes Seminar Room 20","Canterbury","Keynes College","Canterbury Campus Administration","Group room","30","Overhead projector, DVD player, Data projector, VGA connection, Audio loop, Computer, Lecture Capture, Hearing Loop","Yes","Entering Keynes college turn right at reception and take the doors ahead and on the right to the courtyard. Take the far stairwell ('C') up to the third floor. The room is on the left. Disabled access is via the lift in the corner of the courtyard adjacent to stairwell C.","photos/KS20.JPG"
"Keynes Seminar Room 21","Canterbury","Keynes College","Canterbury Campus Administration","Seminar Room","26","Overhead projector, DVD player, Data projector, VGA connection, Audio loop, Computer, Lecture Capture, Hearing Loop","No","Entering Keynes college turn right at reception and take the doors ahead and on the right to the courtyard. Take the far stairwell ('C') up to the third floor. The room is on the right. Disabled access is via the lift in the corner of the courtyard.","photos/KS21.JPG"
"Keynes Seminar Room 23","Canterbury","Keynes College","Canterbury Campus Administration","Classroom","50","Overhead projector, DVD player, Data projector, VGA connection, Audio loop, Computer, Active Panel, Lecture Capture, Hearing Loop","No","Entering Keynes college turn right at reception and take the doors ahead and on the right to the courtyard. Take the central stairwell ('B') up to the third floor. The room is on the right. Disabled access is via the lift in the corner of the courtyard.","photos/KS23.JPG"
"Keynes Seminar Room 24","Canterbury","Keynes College","Canterbury Campus Administration","Seminar Room","20","Overhead projector, DVD player, Data projector, VGA connection, Computer, Infra red hearing system, Active Panel, Lecture Capture, Hearing Loop","No","Entering Keynes college turn right at reception and take the doors ahead and on the right to the courtyard. Take stairwell opposite ('D') up to the third floor. The room is on the left. Disabled access is via the lift in the corner of the courtyard.","photos/KS24.JPG"
"Keynes Seminar Room 26","Canterbury","Keynes College","Canterbury Campus Administration","Seminar Room","16","DVD player, Data projector, VGA connection, Computer","No","Entering Keynes college turn right at reception and take the doors ahead and on the right to the courtyard. Take stairwell opposite ('D') up to the third floor. The room is on the left. Disabled access is via the lift in the corner of the courtyard.","photos/KS26.JPG"
"Keynes Seminar Room 3","Canterbury","Keynes College","Canterbury Campus Administration","Seminar Room","16","Overhead projector, Data projector, VGA connection, Computer, Blu Ray, Lecture Capture, HDMI Connection","Yes","Entering Keynes college turn left at Reception and take the stairs at the end of the corridor to the first floor. Continue halfway down the corridor and the room is on the right.","photos/KS3.JPG"
"Keynes Seminar Room 4","Canterbury","Keynes College","Canterbury Campus Administration","Classroom","40","Overhead projector, DVD player, Data projector, VGA connection, Computer, Lecture Capture","Yes","Entering Keynes college take the doors by reception and turn left. The room is at the end of the corridor on the right, just before the stairs.","photos/KS4.JPG"
"Keynes Seminar Room 5","Canterbury","Keynes College","Canterbury Campus Administration","Seminar Room","16","Overhead projector, DVD player, Data projector, VGA connection, Computer, Lecture Capture","Yes","Entering Keynes college turn left at Reception and take the stairs at the end of the corridor to the first floor. The room is on the right at the top of the stairs.","photos/KS5.JPG"
"Keynes Seminar Room 6","Canterbury","Keynes College","Canterbury Campus Administration","Seminar Room","20","Overhead projector, DVD player, Data projector, VGA connection, Computer","Yes","Entering Keynes college turn right at reception and then left. The room is on the right.","photos/KS6.JPG"
"Keynes Seminar Room 7","Canterbury","Keynes College","Canterbury Campus Administration","Seminar Room","24","Overhead projector, DVD player, Data projector, VGA connection, Computer","Yes","Entering Keynes college turn right at reception and then left. The room is through the doors and on the right.","photos/KS7.JPG"
"Keynes Seminar Room 9","Canterbury","Keynes College","School of Psychology","Seminar Room","20","Overhead projector, Data projector","Yes","Entering Keynes college go up the glass stairs in the Foyer. The room is through the double doors on your right.","photos/KS9.JPG"
"Keynes Study Area 1 (Computer room)","Canterbury","Keynes College","Canterbury Campus Administration","Computer room","42","Overhead projector, DVD player, Data projector, VGA connection, Computer, Lecture Capture, Telephone, HDMI Connection","Yes","Entering Keynes college turn left at Reception and take the stairs at the end of the corridor to the first floor. The room is on the right at the top of the stairs.","photos/KSA1.JPG"
"Psychology Computer Room","Canterbury","Keynes College","School of Psychology","Computer room","70","","No","Entering Keynes college turn left at Reception and take the stairs at the end of the corridor to the first floor. The room is on the left at the top of the stairs.","photos/PSYC_COMP.JPG"
"Psychology Conference Room","Canterbury","Keynes College","School of Psychology","Seminar Room","35","Overhead projector, Television, Data projector","Yes","Entering Keynes college turn left at Reception and take the stairs at the end of the corridor to the first floor. The room at the far end of the corridor.","photos/PSYC_CONF.JPG"
"Psychology Lab E3.07h","Canterbury","Keynes College","School of Psychology","Laboratory","15","","No","PYC_LABE3","photos/KC.JPG"
"Psychology Eg Masters Suite","Canterbury","Keynes College","School of Psychology","Computer room","10","","No","KPMS","photos/KC.JPG"
"Jennison Engineering Lab (Blue)","Canterbury","Jennison Building","School of Engineering & Digital Arts","Laboratory","40","","No","Entering Jennison by the main doors, go down the stairs into the lobby. The door to the engineering labs is in the far corner and the lab sections are colour coded.","photos/ENG_LABB.JPG"
"Jennison Engineering Lab (Green)","Canterbury","Jennison Building","School of Engineering & Digital Arts","Laboratory","36","","No","Entering Jennison by the main doors, go down the stairs into the lobby. The door to the engineering labs is in the far corner and the lab sections are colour coded.","photos/ENG_LABG.JPG"
"Jennison Engineering Lab (Orange)","Canterbury","Jennison Building","School of Engineering & Digital Arts","Laboratory","40","","No","Entering Jennison by the main doors, go down the stairs into the lobby. The door to the engineering labs is in the far corner and the lab sections are colour coded.","photos/ENG_LABO.JPG"
"Jennison Computer Suite 1 (Purple)","Canterbury","Jennison Building","School of Engineering & Digital Arts","Computer room","40","","Yes","Entering Jennison building through the main doors, go down the steps, turn left and through the doors at the end of the corridor. When you enter the large computer suites JCS1 is through the partitions on the right.","photos/JCS1.JPG"
"Jennison Computer Suite 2 (Red)","Canterbury","Jennison Building","School of Engineering & Digital Arts","Computer room","40","","No","Entering Jennison building through the main doors, go down the steps, turn left and through the doors at the end of the corridor. JCS2 is the central area between the partitions.","photos/JCS2.JPG"
"Jennison Computer Suite 3 (Blue)","Canterbury","Jennison Building","School of Engineering & Digital Arts","Computer room","40","","No","Entering Jennison building through the main doors, go down the steps, turn left and through the doors at the end of the corridor. When you enter the large computer suites JCS3 is through the partitions on the left.","photos/JCS3.JPG"
"Jennison Computer Suite 4","Canterbury","Jennison Building","School of Engineering & Digital Arts","Computer room","26","","No","Entering Jennison through the main doors head to the back of the building and take the stairs or lift to the first floor. Head forwards from the lift or right at the top of the stairs and take the corridor over the bridge to the extension building and the room is through the door ahead of you.","photos/JCS4.JPG"
"Jennison Computer Suite 5","Canterbury","Jennison Building","School of Engineering & Digital Arts","Computer room","35","","No","Entering Jennison through the main doors head to the back of the building and take the stairs or lift to the first floor. Head forwards from the lift or right at the top of the stairs and take the corridor over the bridge to the extension building and the room is through the door on the right.","photos/JCS5.JPG"
"Jennison Lecture Theatre","Canterbury","Jennison Building","Canterbury Campus Administration","Lecture Theatre","119","DVD player, Data projector, VGA connection, Computer, Active Panel, Digital OHP, Lecture Capture, HDMI Connection","Yes","Jennison building is situated after passing the Sport Centre.  Go through Jennison main doors, prodeed down the steps and turn left. The room is on the left.","photos/JLT.JPG"
"Jennison seminar room 1","Canterbury","Jennison Building","Canterbury Campus Administration","Classroom","42","DVD player, Data projector, VGA connection, Computer","Yes","Entering Jennison building through the main doors, proceed down the corridor. The room is the last room on the right. Entering from the rear entrance it is the first room on the left.","photos/JS1.JPG"
"Jennison Production Studio","Canterbury","Jennison Building","School of Engineering & Digital Arts","Laboratory","20","","No","The room is in the annex behind the Jennison building, opposite the rear entrance.","photos/PROD_STUD.JPG"
"Woodlands TBA","Canterbury","Woodlands","School of Psychology","Private","","","No","WOODTBA",""
"Darwin Tower Room","Canterbury","Darwin College","Canterbury Campus Administration","Seminar Room","24","Overhead projector, DVD player, Data projector, VGA connection, Computer, Lecture Capture","No","Take the stairs to the third floor of the tower. The room is down the corridor on the left. There is no lift access to this level","photos/D.TW.RM.JPG"
"Darwin Lecture Theatre 1","Canterbury","Darwin College","Canterbury Campus Administration","Lecture Theatre","100","Overhead projector, Slide projector, Microphone, Data projector, VGA connection, Computer, Large screen, Infra red hearing system, Active Panel, Blu Ray, Lecture Capture, Telephone, Hearing Loop","Yes","Entering Darwin college the room is ahead and on the left.","photos/DLT1.JPG"
"Darwin Lecture Theatre 2","Canterbury","Darwin College","Canterbury Campus Administration","Lecture Theatre","54","Overhead projector, Slide projector, Data projector, VGA connection, Computer, Large screen, Active Panel, Blu Ray, Lecture Capture, Telephone","Yes","Entering Darwin college the room is the right hand door directly ahead.","photos/DLT2.JPG"
"Darwin Lecture Theatre 3","Canterbury","Darwin College","Canterbury Campus Administration","Classroom","60","Video Conferencing on request, Overhead projector, DVD player, Data projector, VGA connection, Computer, Large screen, Digital OHP, Lecture Capture, HDMI Connection","Yes","Go to the second floor in Darwin college, take the corridor facing the lift, the room is immediately on the right after the door.","photos/DLT3.JPG"
"Darwin Peter Brown room","Canterbury","Darwin College","Canterbury Campus Administration","Informal Room","50","Overhead projector, DVD player, Data projector, VGA connection, Computer, Infra red hearing system, Lecture Capture, Hearing Loop","Yes","Enter Darwin Missing Link (behind main college building) and turn left.","photos/D.PETERBRO.JPG"
"Darwin seminar room 1","Canterbury","Darwin College","Canterbury Campus Administration","Seminar Room","21","Overhead projector, DVD player, Data projector, VGA connection, Computer, Lecture Capture","Yes","Take the main stairs to the first floor. Go through the door on your right and take your first right. The room is immediately ahead of you on going through the door.","photos/DS1.JPG"
"Darwin seminar room 10","Canterbury","Darwin College","Canterbury Campus Administration","Seminar Room","16","Overhead projector, Data projector, VGA connection, Computer, Blu Ray, Lecture Capture, HDMI Connection","Yes","Enter Darwin Missing Link (behind main college building) and turn right, the room is first on the right.","photos/DS10.JPG"
"Darwin seminar room 11","Canterbury","Darwin College","Canterbury Campus Administration","Seminar Room","8","Overhead projector, DVD player, Data projector, VGA connection, Computer, Lecture Capture","Yes","Go to the first floor in Darwin college and through the double doors near the lift. The room is at the far end of the corridor.","photos/DS11.JPG"
"Darwin seminar room 12","Canterbury","Darwin College","Canterbury Campus Administration","Seminar Room","8","DVD player, Data projector, VGA connection, Computer, Lecture Capture","Yes","Go to the first floor in Darwin college and through the double doors furthest from the lift. The room is at the far end of the corridor.","photos/DS12.JPG"
"Darwin seminar room 14","Canterbury","Darwin College","Canterbury Campus Administration","Seminar Room","22","DVD player, Data projector, VGA connection, Computer, Lecture Capture","Yes","Go to the second floor in Darwin college, take the corridor facing the lift, the room is at the far end the corridor on the left side of the lobby.","photos/DS14.JPG"
"Darwin seminar room 2","Canterbury","Darwin College","Canterbury Campus Administration","Seminar Room","18","Overhead projector, Data projector, VGA connection, Computer, Blu Ray, Lecture Capture","No","Take the stairs to the fourth floor of the tower. The room is at the end of the corridor. There is no lift access to this level","photos/DS2.JPG"
"Darwin seminar room 7","Canterbury","Darwin College","Canterbury Campus Administration","Seminar Room","20","Overhead projector, Data projector, VGA connection, Computer, Blu Ray, Lecture Capture","No","Take the stairs to the third floor of the tower. The room is down the corridor on the right. There is no lift access to this level","photos/DS7.JPG"
"Darwin seminar room 8","Canterbury","Darwin College","Canterbury Campus Administration","Seminar Room","17","Overhead projector, Data projector, VGA connection, Computer, Blu Ray, Lecture Capture, HDMI Connection","Yes","Enter Darwin Missing Link (behind main Darwin College building) and turn right, the room is at the end of the corridor on the left.","photos/DS8.JPG"
"Darwin seminar room 9","Canterbury","Darwin College","Canterbury Campus Administration","Seminar Room","17","Overhead projector, Data projector, VGA connection, Computer, Blu Ray, Lecture Capture, HDMI Connection","Yes","Enter Darwin Missing Link (behind main Darwin College building) and turn right, the room is at the end of the corridor on the right.","photos/DS9.JPG"
"UELT Seminar Room","Canterbury","UELT Building","UELT","Seminar Room","30","","Yes","Enter the UELT Building (behind Grimond) at reception and go up to the first floor. The room is down the corridor, fourth door on the left.","photos/UELT_SEM.JPG"
